<?xml version="1.0"?>
<config version="7.1.0" urldb="paloaltonetworks">
  <mgt-config>
    <users>
      <entry name="admin">
        <phash>fnRL/G5lXVMug</phash>
        <permissions>
          <role-based>
            <superuser>yes</superuser>
          </role-based>
        </permissions>
      </entry>
    </users>
  </mgt-config>
  <shared>
    <application/>
    <application-group/>
    <service/>
    <service-group/>
    <botnet>
      <configuration>
        <http>
          <dynamic-dns>
            <enabled>yes</enabled>
            <threshold>5</threshold>
          </dynamic-dns>
          <malware-sites>
            <enabled>yes</enabled>
            <threshold>5</threshold>
          </malware-sites>
          <recent-domains>
            <enabled>yes</enabled>
            <threshold>5</threshold>
          </recent-domains>
          <ip-domains>
            <enabled>yes</enabled>
            <threshold>10</threshold>
          </ip-domains>
          <executables-from-unknown-sites>
            <enabled>yes</enabled>
            <threshold>5</threshold>
          </executables-from-unknown-sites>
        </http>
        <other-applications>
          <irc>yes</irc>
        </other-applications>
        <unknown-applications>
          <unknown-tcp>
            <destinations-per-hour>10</destinations-per-hour>
            <sessions-per-hour>10</sessions-per-hour>
            <session-length>
              <maximum-bytes>100</maximum-bytes>
              <minimum-bytes>50</minimum-bytes>
            </session-length>
          </unknown-tcp>
          <unknown-udp>
            <destinations-per-hour>10</destinations-per-hour>
            <sessions-per-hour>10</sessions-per-hour>
            <session-length>
              <maximum-bytes>100</maximum-bytes>
              <minimum-bytes>50</minimum-bytes>
            </session-length>
          </unknown-udp>
        </unknown-applications>
      </configuration>
      <report>
        <topn>100</topn>
        <scheduled>yes</scheduled>
      </report>
    </botnet>
    <log-settings>
      <syslog>
        <entry name="syslogcustomer">
          <server>
            <entry name="syslogcustomer">
              <transport>UDP</transport>
              <port>514</port>
              <format>BSD</format>
              <server>1.1.1.1</server>
              <facility>LOG_USER</facility>
            </entry>
            <entry name="syslogSOC">
              <transport>UDP</transport>
              <port>514</port>
              <format>BSD</format>
              <server>syslogSOC</server>
              <facility>LOG_USER</facility>
            </entry>
          </server>
        </entry>
        <entry name="syslogSoc">
          <server>
            <entry name="syslogSoc">
              <server>2.2.2.2</server>
            </entry>
          </server>
        </entry>
      </syslog>
      <system>
        <informational>
          <send-syslog>
            <using-syslog-setting>syslogcustomer</using-syslog-setting>
          </send-syslog>
        </informational>
        <low>
          <send-syslog>
            <using-syslog-setting>syslogcustomer</using-syslog-setting>
          </send-syslog>
        </low>
        <medium>
          <send-syslog>
            <using-syslog-setting>syslogcustomer</using-syslog-setting>
          </send-syslog>
        </medium>
        <high>
          <send-syslog>
            <using-syslog-setting>syslogcustomer</using-syslog-setting>
          </send-syslog>
        </high>
        <critical>
          <send-syslog>
            <using-syslog-setting>syslogcustomer</using-syslog-setting>
          </send-syslog>
          <send-email>
            <using-email-setting>emailalert</using-email-setting>
          </send-email>
        </critical>
      </system>
      <email>
        <entry name="emailalert">
          <server>
            <entry name="email">
              <display-name>DDoSLite Alert</display-name>
              <gateway>10.10.10.10</gateway>
              <from>Soc@verizon.com</from>
              <to>customerx@anydomai.com</to>
            </entry>
          </server>
        </entry>
      </email>
    </log-settings>
  </shared>
  <devices>
    <entry name="localhost.localdomain">
      <network>
        <interface>
          <ethernet>
            <entry name="ethernet1/1">
              <layer3>
                <dhcp-client>
                  <enable>yes</enable>
                  <create-default-route>yes</create-default-route>
                </dhcp-client>
              </layer3>
            </entry>
            <entry name="ethernet1/2">
              <layer3>
                <dhcp-client>
                  <enable>yes</enable>
                </dhcp-client>
              </layer3>
            </entry>
          </ethernet>
          <vlan>
            <units/>
          </vlan>
          <loopback>
            <units/>
          </loopback>
          <tunnel>
            <units/>
          </tunnel>
        </interface>
        <virtual-router>
          <entry name="default">
            <protocol>
              <bgp>
                <install-route>yes</install-route>
                <enable>no</enable>
                <routing-options>
                  <graceful-restart>
                    <enable>yes</enable>
                  </graceful-restart>
                  <as-format>2-byte</as-format>
                </routing-options>
                <reject-default-route>yes</reject-default-route>
              </bgp>
              <redist-profile>
                <entry name="redist">
                  <filter>
                    <type>
                      <member>connect</member>
                    </type>
                  </filter>
                  <priority>1</priority>
                  <action>
                    <redist/>
                  </action>
                </entry>
              </redist-profile>
            </protocol>
            <ecmp>
              <algorithm>
                <ip-modulo/>
              </algorithm>
            </ecmp>
            <interface>
              <member>ethernet1/1</member>
              <member>ethernet1/2</member>
            </interface>
          </entry>
        </virtual-router>
        <profiles>
          <interface-management-profile>
            <entry name="mgt">
              <http>yes</http>
              <https>yes</https>
              <ssh>yes</ssh>
              <ping>yes</ping>
            </entry>
          </interface-management-profile>
        </profiles>
        <ike>
          <crypto-profiles>
            <ike-crypto-profiles>
              <entry name="default">
                <hash>
                  <member>sha1</member>
                  <member>sha256</member>
                </hash>
                <dh-group>
                  <member>group14</member>
                </dh-group>
                <encryption>
                  <member>aes-128-cbc</member>
                  <member>aes-192-cbc</member>
                  <member>3des</member>
                </encryption>
                <lifetime>
                  <hours>8</hours>
                </lifetime>
              </entry>
            </ike-crypto-profiles>
            <ipsec-crypto-profiles>
              <entry name="defaultIPSecCryptoProfile">
                <esp>
                  <authentication>
                    <member>sha1</member>
                    <member>sha256</member>
                  </authentication>
                  <encryption>
                    <member>aes-128-cbc</member>
                    <member>aes-192-cbc</member>
                    <member>3des</member>
                  </encryption>
                </esp>
                <lifetime>
                  <hours>1</hours>
                </lifetime>
                <dh-group>group14</dh-group>
              </entry>
            </ipsec-crypto-profiles>
          </crypto-profiles>
          <gateway/>
        </ike>
        <tunnel>
          <ipsec/>
        </tunnel>
      </network>
      <deviceconfig>
        <system>
          <netmask>255.255.255.0</netmask>
          <update-server>updates.paloaltonetworks.com</update-server>
          <update-schedule>
            <threats>
              <recurring>
                <weekly>
                  <day-of-week>wednesday</day-of-week>
                  <at>01:02</at>
                  <action>download-only</action>
                </weekly>
              </recurring>
            </threats>
          </update-schedule>
          <timezone>US/Pacific</timezone>
          <service>
            <disable-telnet>yes</disable-telnet>
            <disable-http>yes</disable-http>
          </service>
          <hostname>VNFCustX-dhcp</hostname>
          <dns-setting>
            <servers>
              <primary>8.8.8.8</primary>
            </servers>
          </dns-setting>
          <ntp-servers>
            <primary-ntp-server>
              <ntp-server-address>pool.ntp.org</ntp-server-address>
              <authentication-type>
                <none/>
              </authentication-type>
            </primary-ntp-server>
            <secondary-ntp-server>
              <ntp-server-address>pool.ntp.org</ntp-server-address>
              <authentication-type>
                <none/>
              </authentication-type>
            </secondary-ntp-server>
          </ntp-servers>
          <type>
            <static/>
          </type>
          <default-gateway>192.168.122.1</default-gateway>
        </system>
        <setting>
          <config>
            <rematch>yes</rematch>
          </config>
          <management>
            <hostname-type-in-syslog>FQDN</hostname-type-in-syslog>
            <initcfg>
              <type>
                <dhcp-client>
                  <send-hostname>yes</send-hostname>
                  <send-client-id>no</send-client-id>
                  <accept-dhcp-hostname>no</accept-dhcp-hostname>
                  <accept-dhcp-domain>no</accept-dhcp-domain>
                </dhcp-client>
              </type>
              <hostname>VNFCustX-dhcp</hostname>
              <dns-primary>8.8.8.8</dns-primary>
            </initcfg>
          </management>
          <auto-mac-detect>yes</auto-mac-detect>
        </setting>
        <high-availability>
          <group>
            <entry name="1">
              <peer-ip>192.168.2.67</peer-ip>
              <mode>
                <active-passive>
                  <passive-link-state>auto</passive-link-state>
                </active-passive>
              </mode>
              <election-option>
                <device-priority>101</device-priority>
                <preemptive>yes</preemptive>
                <timers>
                  <aggressive/>
                </timers>
              </election-option>
              <state-synchronization>
                <enabled>no</enabled>
              </state-synchronization>
            </entry>
          </group>
          <interface>
            <ha1/>
            <ha1-backup/>
          </interface>
          <enabled>no</enabled>
        </high-availability>
      </deviceconfig>
      <vsys>
        <entry name="vsys1">
          <application/>
          <application-group/>
          <zone>
            <entry name="untrust">
              <network>
                <layer3>
                  <member>ethernet1/1</member>
                </layer3>
              </network>
            </entry>
            <entry name="trust">
              <network>
                <layer3>
                  <member>ethernet1/2</member>
                </layer3>
              </network>
            </entry>
            <entry name="liveliness">
              <network>
                <layer3/>
              </network>
            </entry>
            <entry name="Pub-IP">
              <network>
                <layer3/>
              </network>
            </entry>
          </zone>
          <service/>
          <service-group/>
          <schedule/>
          <rulebase>
            <security>
              <rules>
                <entry name="allowout">
                  <from>
                    <member>trust</member>
                  </from>
                  <to>
                    <member>any</member>
                  </to>
                  <source>
                    <member>any</member>
                  </source>
                  <destination>
                    <member>any</member>
                  </destination>
                  <service>
                    <member>any</member>
                  </service>
                  <application>
                    <member>any</member>
                  </application>
                  <action>allow</action>
                  <log-end>yes</log-end>
                </entry>
                <entry name="deny">
                  <from>
                    <member>any</member>
                  </from>
                  <to>
                    <member>any</member>
                  </to>
                  <source>
                    <member>any</member>
                  </source>
                  <destination>
                    <member>any</member>
                  </destination>
                  <service>
                    <member>any</member>
                  </service>
                  <application>
                    <member>any</member>
                  </application>
                  <action>drop</action>
                  <log-end>yes</log-end>
                </entry>
              </rules>
            </security>
            <nat>
              <rules>
                <entry name="sourceNAT">
                  <from>
                    <member>trust</member>
                  </from>
                  <to>
                    <member>untrust</member>
                  </to>
                  <source>
                    <member>any</member>
                  </source>
                  <destination>
                    <member>any</member>
                  </destination>
                  <service>any</service>
                  <to-interface>ethernet1/1</to-interface>
                  <nat-type>ipv4</nat-type>
                  <source-translation>
                    <dynamic-ip-and-port>
                      <interface-address>
                        <interface>ethernet1/1</interface>
                      </interface-address>
                    </dynamic-ip-and-port>
                  </source-translation>
                </entry>
              </rules>
            </nat>
            <default-security-rules>
              <rules>
                <entry name="intrazone-default">
                  <action>allow</action>
                  <log-start>no</log-start>
                  <log-end>yes</log-end>
                </entry>
                <entry name="interzone-default">
                  <action>deny</action>
                  <log-start>no</log-start>
                  <log-end>yes</log-end>
                </entry>
              </rules>
            </default-security-rules>
            <dos>
              <rules>
                <entry name="ddoslite">
                  <from>
                    <zone>
                      <member>Pub-IP</member>
                    </zone>
                  </from>
                  <to>
                    <zone>
                      <member>Pub-IP</member>
                    </zone>
                  </to>
                  <service>
                    <member>any</member>
                  </service>
                  <action>
                    <protect/>
                  </action>
                  <source>
                    <member>any</member>
                  </source>
                  <destination>
                    <member>any</member>
                  </destination>
                  <protection>
                    <classified>
                      <classification-criteria>
                        <address>src-dest-ip-both</address>
                      </classification-criteria>
                      <profile>defaultprotection</profile>
                    </classified>
                  </protection>
                  <source-user>
                    <member>any</member>
                  </source-user>
                </entry>
              </rules>
            </dos>
          </rulebase>
          <profiles>
            <dos-protection>
              <entry name="defaultprotection">
                <flood>
                  <tcp-syn>
                    <red>
                      <alarm-rate>10000</alarm-rate>
                      <activate-rate>10000</activate-rate>
                      <maximal-rate>40000</maximal-rate>
                    </red>
                    <enable>yes</enable>
                  </tcp-syn>
                  <udp>
                    <red>
                      <maximal-rate>40000</maximal-rate>
                      <alarm-rate>10000</alarm-rate>
                      <activate-rate>10000</activate-rate>
                    </red>
                    <enable>yes</enable>
                  </udp>
                  <icmp>
                    <red>
                      <maximal-rate>40000</maximal-rate>
                      <alarm-rate>10000</alarm-rate>
                      <activate-rate>10000</activate-rate>
                    </red>
                    <enable>yes</enable>
                  </icmp>
                  <icmpv6>
                    <red>
                      <maximal-rate>40000</maximal-rate>
                      <alarm-rate>10000</alarm-rate>
                      <activate-rate>10000</activate-rate>
                    </red>
                    <enable>yes</enable>
                  </icmpv6>
                  <other-ip>
                    <red>
                      <maximal-rate>40000</maximal-rate>
                      <alarm-rate>10000</alarm-rate>
                      <activate-rate>10000</activate-rate>
                    </red>
                    <enable>yes</enable>
                  </other-ip>
                </flood>
                <resource>
                  <sessions>
                    <enabled>yes</enabled>
                  </sessions>
                </resource>
                <type>classified</type>
              </entry>
            </dos-protection>
            <wildfire-analysis>
              <entry name="WILDFIRE">
                <rules>
                  <entry name="Download">
                    <application>
                      <member>any</member>
                    </application>
                    <file-type>
                      <member>any</member>
                    </file-type>
                    <direction>download</direction>
                    <analysis>public-cloud</analysis>
                  </entry>
                </rules>
              </entry>
            </wildfire-analysis>
          </profiles>
          <import>
            <network>
              <interface/>
            </network>
          </import>
        </entry>
      </vsys>
    </entry>
  </devices>
</config>
